<Ui xmlns="http://www.blizzard.com/wow/ui/"
	xmlns:xsi="http://www.w3.org/2001/XMLSchema-instance"
	xsi:schemaLocation="http://www.blizzard.com/wow/ui/ ..\FrameXML\UI.xsd">

	<Script file="Factionizer.lua"/>
	
<!--> ============================================================================================================== <-->
	<Frame name="Factionizer">
		<Scripts>
			<OnLoad>FIZ_OnLoad(self)</OnLoad>
			<OnEvent>FIZ_OnEvent(self, event, ...)</OnEvent>
			<OnUpdate>FIZ_OnUpdate(self)</OnUpdate>
		</Scripts>
	</Frame>

<!--> ============================================================================================================== <-->
	<Font name="DetailFontWhite" inherits="GameFontNormalSmall" virtual="true">
		<Color r="1.0" g="1.0" b="1.0"/>
	</Font>
	<Font name="DetailFontGrey" inherits="GameFontNormalSmall" virtual="true">
		<Color r="0.5" g="0.5" b="0.5"/>
	</Font>
	<Button name="FIZ_UpdateEntryTemplate" hidden="true" virtual="true">
		<Size x="360" y="16"/>
		<Layers>
			<Layer level="OVERLAY">
				<!-->Expand/Collaps button<-->
				<Texture name="$parentTexture" file="Interface\Addons\Factionizer\Textures\UI-MinusButton-UP-Green.tga">
					<Size x="16" y="16"/><Anchors><Anchor point="LEFT"><Offset x="3" y="0"/></Anchor></Anchors>
				</Texture>
				<!-->Label text [X]<-->
				<FontString name="$parentLabel" inherits="DetailFontWhite" justifyH="LEFT">
					<Size x="20" y="16"/><Anchors><Anchor point="LEFT" relativeTo="$parent" relativePoint="LEFT"><Offset x="20" y="0"/></Anchor></Anchors>
				</FontString>
				<!-->Common parts for entries<-->
				<FontString name="$parentTimes" inherits="DetailFontWhite" justifyH="RIGHT">
					<Size x="40" y="16"/><Anchors><Anchor point="LEFT" relativeTo="$parent" relativePoint="LEFT"><Offset x="40" y="0"/></Anchor></Anchors>
				</FontString>
				<FontString name="$parentName" inherits="DetailFontWhite" justifyH="LEFT">
					<Size x="250" y="16"/>
					<Anchors><Anchor point="LEFT" relativeTo="$parent" relativePoint="LEFT"><Offset x="80" y="0"/></Anchor></Anchors>
				</FontString>
				<FontString name="$parentRep" inherits="DetailFontWhite" justifyH="RIGHT">
					<Size x="30" y="16"/>
					<Anchors><Anchor point="LEFT" relativeTo="$parent" relativePoint="LEFT"><Offset x="330" y="0"/></Anchor></Anchors>
				</FontString>
				<!-->Common parts for item entries<-->
				<FontString name="$parentItemTimes" inherits="DetailFontGrey" justifyH="RIGHT">
					<Size x="40" y="16"/>
					<Anchors><Anchor point="LEFT" relativeTo="$parent" relativePoint="LEFT"><Offset x="40" y="0"/></Anchor></Anchors>
				</FontString>
				<FontString name="$parentItemName" inherits="DetailFontGrey" justifyH="LEFT">
					<Size x="280" y="16"/>
					<Anchors><Anchor point="LEFT" relativeTo="$parent" relativePoint="LEFT"><Offset x="80" y="0"/></Anchor></Anchors>
				</FontString>
				<FontString name="$parentTotalTimes" inherits="DetailFontGrey" justifyH="RIGHT">
					<Size x="80" y="16"/>
					<Anchors><Anchor point="LEFT" relativeTo="$parent" relativePoint="LEFT"><Offset x="280" y="0"/></Anchor></Anchors>
				</FontString>
			</Layer>
		</Layers>
		<Scripts>
			<OnLoad>self:RegisterForClicks("LeftButtonUp", "RightButtonUp")</OnLoad>
			<OnEnter>FIZ_ShowLineToolTip(self)</OnEnter>
			<OnLeave>GameTooltip:Hide()</OnLeave>
			<!--<OnClick>FIZ_UpdateEntryClick(self)</OnClick>-->
			<OnMouseUp>FIZ_MouseButtonUp(self, button)</OnMouseUp>
		</Scripts>
	</Button>

<!--> ============================================================================================================== <-->
	<Button name="SmallFontButton" inherits="UIPanelButtonTemplate" virtual="true">
		<NormalFont inherits="GameFontNormalSmall"/>
		<HighlightFont inherits="GameFontHighlightSmall"/>
		<DisabledFont inherits="GameFontDisableSmall"/>
	</Button>

<!--v set 1-->
	<Frame name="FIZ_ReputationDetailFrame" parent="ReputationFrame" enableMouse="true" hidden="true">
		<Size x="412" y="520"/>
		<Anchors><Anchor point="TOPLEFT" relativeTo="ReputationFrame" relativePoint="TOPRIGHT"><Offset x="0" y="0"/></Anchor></Anchors>
		<Backdrop bgFile="Interface\DialogFrame\UI-DialogBox-Background" edgeFile="Interface\DialogFrame\UI-DialogBox-Border" tile="true">
			<BackgroundInsets><AbsInset left="11" right="12" top="12" bottom="11"/></BackgroundInsets>
			<TileSize><AbsValue val="32"/></TileSize>
			<EdgeSize><AbsValue val="32"/></EdgeSize>
		</Backdrop>
		<Layers>
			<Layer level="ARTWORK">
				<FontString name="FIZ_ReputationDetailFactionName" inherits="GameFontNormal" justifyH="LEFT">
					<Size x="0" y="12"/>
					<Anchors><Anchor point="TOPLEFT"><Offset x="20" y="-21"/></Anchor></Anchors>
				</FontString>
				<FontString name="FIZ_ReputationDetailFactionDescription" inherits="GameFontHighlightSmall" justifyH="LEFT">
					<Size x="170" y="0"/><Anchors>
					<Anchor point="TOPLEFT" relativeTo="FIZ_ReputationDetailFactionName" relativePoint="BOTTOMLEFT">
					<Offset x="0" y="-2"/></Anchor></Anchors>
				</FontString>
				<Texture name="FIZ_DetailBg" file="Interface\PaperDollInfoFrame\UI-Character-Reputation-DetailBackground">
					<Size x="256" y="128"/>
					<Anchors><Anchor point="TOPLEFT"><Offset x="11" y="-12"/></Anchor></Anchors>
				</Texture>
<!--^ set 1-->
				<Texture name="FIZ_DetailBg2" file="Interface\PaperDollInfoFrame\UI-Character-Reputation-DetailBackground">
					<Size x="278" y="128"/>
					<Anchors><Anchor point="TOPLEFT" relativeTo="FIZ_DetailBg" relativePoint="TOPRIGHT"><Offset x="-70" y="0"/></Anchor></Anchors>
				</Texture>
				<FontString name="FIZ_ReputationDetailStandingName" inherits="GameFontNormalSmall" justifyH="LEFT">
					<Size x="0" y="10"/>
					<Anchors><Anchor point="TOPLEFT" relativeTo="FIZ_DetailBg2" relativePoint="TOPLEFT"><Offset x="10" y="-10"/></Anchor></Anchors>
				</FontString>
				<FontString name="FIZ_ReputationDetailStandingNeeded" inherits="GameFontHighlightSmall" justifyH="LEFT">
					<Size x="0" y="10"/><Anchors>
						<Anchor point="TOPLEFT" relativeTo="FIZ_ReputationDetailStandingName" relativePoint="BOTTOMLEFT">
					<Offset x="0" y="-2"/></Anchor></Anchors>
				</FontString>
				<FontString name="FIZ_ReputationDetailStandingCurrent" inherits="GameFontHighlightSmall" justifyH="LEFT">
					<Size x="0" y="10"/><Anchors>
						<Anchor point="TOPLEFT" relativeTo="FIZ_ReputationDetailStandingNeeded" relativePoint="BOTTOMLEFT">
					<Offset x="0" y="-2"/></Anchor></Anchors>
				</FontString>
				<FontString name="FIZ_ReputationDetailStandingMissing" inherits="GameFontHighlightSmall" justifyH="LEFT">
					<Size x="0" y="10"/><Anchors>
						<Anchor point="TOPLEFT" relativeTo="FIZ_ReputationDetailStandingCurrent" relativePoint="BOTTOMLEFT">
					<Offset x="0" y="-7"/></Anchor></Anchors>
				</FontString>
				<FontString name="FIZ_ReputationDetailStandingBag" inherits="GameFontHighlightSmall" justifyH="LEFT">
					<Size x="0" y="10"/><Anchors>
						<Anchor point="TOPLEFT" relativeTo="FIZ_ReputationDetailStandingMissing" relativePoint="BOTTOMLEFT">
					<Offset x="0" y="-2"/></Anchor></Anchors>
				</FontString>
				<FontString name="FIZ_ReputationDetailStandingBagBank" inherits="GameFontHighlightSmall" justifyH="LEFT">
					<Size x="0" y="10"/><Anchors>
						<Anchor point="TOPLEFT" relativeTo="FIZ_ReputationDetailStandingBag" relativePoint="BOTTOMLEFT">
					<Offset x="0" y="-2"/></Anchor></Anchors>
				</FontString>
				<FontString name="FIZ_ReputationDetailStandingQuests" inherits="GameFontHighlightSmall" justifyH="LEFT">
					<Size x="0" y="10"/><Anchors>
						<Anchor point="TOPLEFT" relativeTo="FIZ_ReputationDetailStandingBagBank" relativePoint="BOTTOMLEFT">
					<Offset x="0" y="-2"/></Anchor></Anchors>
				</FontString>
				<FontString name="FIZ_ReputationDetailStandingGained" inherits="GameFontHighlightSmall" justifyH="LEFT">
					<Size x="0" y="10"/><Anchors>
						<Anchor point="TOPLEFT" relativeTo="FIZ_ReputationDetailStandingQuests" relativePoint="BOTTOMLEFT">
					<Offset x="0" y="-5"/></Anchor></Anchors>
				</FontString>
				<FontString name="FIZ_ReputationDetailStandingToExaltedHeader" inherits="GameFontHighlightSmall" justifyH="LEFT">
					<Size x="0" y="10"/><Anchors>
						<Anchor point="TOPLEFT" relativeTo="FIZ_ReputationDetailStandingGained" relativePoint="BOTTOMLEFT">
					<Offset x="0" y="-2"/></Anchor></Anchors>
				</FontString>

				<FontString name="FIZ_ReputationDetailStandingNextValue" inherits="GameFontHighlightSmall" justifyH="RIGHT">
					<Size x="0" y="10"/><Anchors>
						<Anchor point="TOP" relativeTo="FIZ_ReputationDetailStandingName" relativePoint="TOP"><Offset x="0" y="0"/></Anchor>
						<Anchor point="RIGHT" relativeTo="FIZ_ReputationDetailFrame" relativePoint="RIGHT"><Offset x="-40" y="0"/></Anchor>
					</Anchors>
				</FontString>
				<FontString name="FIZ_ReputationDetailStandingNeededValue" inherits="GameFontHighlightSmall" justifyH="RIGHT">
					<Size x="0" y="10"/><Anchors>
						<Anchor point="TOP" relativeTo="FIZ_ReputationDetailStandingNeeded" relativePoint="TOP"><Offset x="0" y="0"/></Anchor>
						<Anchor point="RIGHT" relativeTo="FIZ_ReputationDetailFrame" relativePoint="RIGHT"><Offset x="-15" y="0"/></Anchor>
					</Anchors>
				</FontString>
				<FontString name="FIZ_ReputationDetailStandingCurrentValue" inherits="GameFontHighlightSmall" justifyH="RIGHT">
					<Size x="0" y="10"/><Anchors>
						<Anchor point="TOPRIGHT" relativeTo="FIZ_ReputationDetailStandingNeededValue" relativePoint="BOTTOMRIGHT">
					<Offset x="0" y="-2"/></Anchor></Anchors>
				</FontString>
				<FontString name="FIZ_ReputationDetailStandingMissingValue" inherits="GameFontHighlightSmall" justifyH="RIGHT">
					<Size x="0" y="10"/><Anchors>
						<Anchor point="TOPRIGHT" relativeTo="FIZ_ReputationDetailStandingCurrentValue" relativePoint="BOTTOMRIGHT">
					<Offset x="0" y="-7"/></Anchor></Anchors>
				</FontString>
				<FontString name="FIZ_ReputationDetailStandingBagValue" inherits="GameFontHighlightSmall" justifyH="RIGHT">
					<Size x="0" y="10"/><Anchors>
						<Anchor point="TOPRIGHT" relativeTo="FIZ_ReputationDetailStandingMissingValue" relativePoint="BOTTOMRIGHT">
					<Offset x="0" y="-2"/></Anchor></Anchors>
				</FontString>
				<FontString name="FIZ_ReputationDetailStandingBagBankValue" inherits="GameFontHighlightSmall" justifyH="RIGHT">
					<Size x="0" y="10"/><Anchors>
							<Anchor point="TOPRIGHT" relativeTo="FIZ_ReputationDetailStandingBagValue" relativePoint="BOTTOMRIGHT">
					<Offset x="0" y="-2"/></Anchor></Anchors>
				</FontString>
				<FontString name="FIZ_ReputationDetailStandingQuestsValue" inherits="GameFontHighlightSmall" justifyH="RIGHT">
					<Size x="0" y="10"/><Anchors>
						<Anchor point="TOPRIGHT" relativeTo="FIZ_ReputationDetailStandingBagBankValue" relativePoint="BOTTOMRIGHT">
					<Offset x="0" y="-2"/></Anchor></Anchors>
				</FontString>
				<FontString name="FIZ_ReputationDetailStandingGainedValue" inherits="GameFontHighlightSmall" justifyH="RIGHT">
					<Size x="0" y="10"/><Anchors>
						<Anchor point="TOPRIGHT" relativeTo="FIZ_ReputationDetailStandingQuestsValue" relativePoint="BOTTOMRIGHT">
					<Offset x="0" y="-5"/></Anchor></Anchors>
				</FontString>
				<FontString name="FIZ_ReputationDetailStandingToExaltedValue" inherits="GameFontHighlightSmall" justifyH="RIGHT">
					<Size x="0" y="10"/><Anchors>
						<Anchor point="TOPRIGHT" relativeTo="FIZ_ReputationDetailStandingGainedValue" relativePoint="BOTTOMRIGHT">
					<Offset x="0" y="-2"/></Anchor></Anchors>
				</FontString>

				<FontString name="FIZ_ReputationDetailFactionName" inherits="GameFontNormal" justifyH="LEFT">
					<Size x="0" y="12"/><Anchors><Anchor point="TOPLEFT"><Offset x="20" y="-21"/></Anchor></Anchors>
				</FontString>
<!--v set 2-->
			</Layer>
			<Layer level="OVERLAY">
				<Texture name="FIZ_ReputationDetailCorner" file="Interface\DialogFrame\UI-DialogBox-Corner">
					<Size x="32" y="32"/><Anchors><Anchor point="TOPRIGHT"><Offset x="-6" y="-7"/></Anchor></Anchors>
				</Texture>
				<Texture name="FIZ_ReputationDetailDivider" file="Interface\DialogFrame\UI-DialogBox-Divider">
					<Size x="522" y="32"/><Anchors><Anchor point="TOPLEFT"><Offset x="9" y="-131"/></Anchor></Anchors>
				</Texture>
<!--^ set 2-->
				<Texture name="FIZ_ReputationDetailDivider2" file="Interface\DialogFrame\UI-DialogBox-Divider">
					<Size x="522" y="32"/><Anchors>
						<Anchor point="TOPLEFT" relativeTo="FIZ_ReputationDetailDivider" relativePoint="BOTTOMLEFT">
					<Offset x="0" y="0"/></Anchor></Anchors>
				</Texture>
				<Texture name="FIZ_ReputationDetailDivider3" file="Interface\DialogFrame\UI-DialogBox-Divider">
					<Size x="522" y="32"/><Anchors>
						<Anchor point="TOPLEFT" relativeTo="FIZ_ReputationDetailDivider2" relativePoint="BOTTOMLEFT">
					<Offset x="0" y="-193"/></Anchor></Anchors>
				</Texture>

				<FontString name="FIZ_NoInformationText" inherits="GameFontHighlight" justifyH="LEFT">
					<Size x="360" y="20"/><Anchors>
						<Anchor point="TOPLEFT" relativeTo="FIZ_ReputationDetailDivider2" relativePoint="BOTTOMLEFT">
					<Offset x="15" y="15"/></Anchor></Anchors>
				</FontString>

				<!--
				<Texture name="FIZ_ReputationDetailVDivider" file="Interface\DialogFrame\UI-DialogBox-Divider">
					<Size x="16" y="128"/><Anchors>
						<Anchor point="BOTTOMLEFT" relativeTo="FIZ_ReputationDetailDivider" relativePoint="BOTTOMRIGHT">
					<Offset x="-75" y="0"/></Anchor></Anchors>
				</Texture>
				-->
				<FontString name="FIZ_ReputationDetailSuppressHint" inherits="GameFontHighlightSmall" justifyH="LEFT">
					<Size x="210" y="0"/><Anchors>
						<Anchor point="TOPLEFT" relativeTo="FIZ_ReputationDetailDivider3" relativePoint="BOTTOMLEFT">
					<Offset x="10" y="-40"/></Anchor></Anchors>
				</FontString>
<!--v set 3-->
			</Layer>
		</Layers>
		<Frames>
			<Button name="FIZ_ReputationDetailCloseButton" inherits="UIPanelCloseButton">
				<Anchors><Anchor point="TOPRIGHT"><Offset x="-3" y="-3"/></Anchor></Anchors>
<!--^ set 3-->
				<Scripts>
					<OnClick>
						PlaySound("igMainMenuOptionCheckBoxOn");
						HideParentPanel(self);
					</OnClick>
				</Scripts>
<!--v set 4-->
			</Button>
			<CheckButton name="FIZ_ReputationDetailAtWarCheckBox">
				<Size x="26" y="26"/><Anchors>
					<Anchor point="TOPLEFT" relativeTo="FIZ_ReputationDetailDivider" relativePoint="BOTTOMLEFT">
					<Offset x="10" y="20"/></Anchor></Anchors>
				<Layers>
					<Layer level="ARTWORK">
						<FontString name="$parentText" inherits="GameFontNormalSmall">
							<Anchors><Anchor point="LEFT" relativePoint="RIGHT"><Offset x="-2" y="0"/></Anchor></Anchors>
						</FontString>
					</Layer>
				</Layers>
				<Scripts>
					<OnLoad>
						_G[self:GetName().."Text"]:SetText(AT_WAR);
						_G[self:GetName().."Text"]:SetVertexColor(RED_FONT_COLOR.r, RED_FONT_COLOR.g, RED_FONT_COLOR.b);
					</OnLoad>
					<OnClick>
						FactionToggleAtWar(GetSelectedFaction());
						if ( self:GetChecked() ) then
							PlaySound("igMainMenuOptionCheckBoxOn");
						else
							PlaySound("igMainMenuOptionCheckBoxOff");
						end
						ReputationFrame_Update();
					</OnClick>
					<OnEnter>
						GameTooltip:SetOwner(self, "ANCHOR_RIGHT");
						GameTooltip:SetText(REPUTATION_AT_WAR_DESCRIPTION, nil, nil, nil, nil, 1);
					</OnEnter>
							<OnLeave function="GameTooltip_Hide"/>
				</Scripts>
				<NormalTexture file="Interface\Buttons\UI-CheckBox-Up"/>
				<PushedTexture file="Interface\Buttons\UI-CheckBox-Down"/>
				<HighlightTexture file="Interface\Buttons\UI-CheckBox-Highlight" alphaMode="ADD"/>
				<CheckedTexture file="Interface\Buttons\UI-CheckBox-SwordCheck">
					<Size x="32" y="32"/><Anchors><Anchor point="TOPLEFT"><Offset x="3" y="-5"/></Anchor></Anchors>
				</CheckedTexture>
				<DisabledCheckedTexture file="Interface\Buttons\UI-CheckBox-Check-Disabled"/>
			</CheckButton>
			<CheckButton name="FIZ_ReputationDetailInactiveCheckBox" inherits="OptionsCheckButtonTemplate">
				<Size x="26" y="26"/><Anchors>
					<Anchor point="LEFT" relativeTo="FIZ_ReputationDetailAtWarCheckBoxText" relativePoint="RIGHT">
					<Offset x="3" y="0"/></Anchor></Anchors>
				<HitRectInsets>
					<AbsInset left="0" right="0" top="0" bottom="0"/>
				</HitRectInsets>
				<Scripts>
					<OnLoad>
						_G[self:GetName().."Text"]:SetText(MOVE_TO_INACTIVE);
					</OnLoad>
					<OnClick>
						if ( self:GetChecked() ) then
							PlaySound("igMainMenuOptionCheckBoxOn");
							SetFactionInactive(GetSelectedFaction());
						else
							PlaySound("igMainMenuOptionCheckBoxOff");
							SetFactionActive(GetSelectedFaction());
						end
					</OnClick>
					<OnEnter>
						GameTooltip:SetOwner(self, "ANCHOR_RIGHT");
						GameTooltip:SetOwner(self, "ANCHOR_RIGHT");
					</OnEnter>
					<OnLeave function="GameTooltip_Hide"/>
				</Scripts>
			</CheckButton>
			<CheckButton name="FIZ_ReputationDetailMainScreenCheckBox" inherits="OptionsCheckButtonTemplate">
				<Size x="26" y="26"/><Anchors>
					<Anchor point="LEFT" relativeTo="FIZ_ReputationDetailInactiveCheckBoxText" relativePoint="RIGHT">
					<Offset x="3" y="0"/></Anchor></Anchors>
				<HitRectInsets>
					<AbsInset left="0" right="0" top="0" bottom="0"/>
				</HitRectInsets>
				<Scripts>
					<OnLoad>
						_G[self:GetName().."Text"]:SetText(SHOW_FACTION_ON_MAINSCREEN);
					</OnLoad>
					<OnClick>
						if ( self:GetChecked() ) then
							PlaySound("igMainMenuOptionCheckBoxOn");
							SetWatchedFactionIndex(GetSelectedFaction());
						else
							PlaySound("igMainMenuOptionCheckBoxOff");
							SetWatchedFactionIndex(0);
						end
						ReputationFrame_Update();
					</OnClick>
					<OnEnter>
						GameTooltip:SetOwner(self, "ANCHOR_RIGHT");
						GameTooltip:SetText(REPUTATION_SHOW_AS_XP, nil, nil, nil, nil, 1);
					</OnEnter>
					<OnLeave function="GameTooltip_Hide"/>
				</Scripts>
			</CheckButton>
<!--^ set 4-->
<!--v set 5-->
			<ScrollFrame name="FIZ_UpdateListScrollFrame" inherits="FauxScrollFrameTemplate">
				<Size x="360" y="208"/><Anchors>
					<Anchor point="TOPLEFT" relativeTo="FIZ_ReputationDetailDivider2" relativePoint="BOTTOMLEFT">
					<Offset x="5" y="15"/></Anchor></Anchors>
				<Scripts>
					<OnVerticalScroll>
						FauxScrollFrame_OnVerticalScroll(self, offset, 16, FIZ_UpdateList_Update);
					</OnVerticalScroll>
				</Scripts>
			</ScrollFrame>
			<Button name="FIZ_UpdateEntry1" inherits="FIZ_UpdateEntryTemplate">
				<Anchors><Anchor point="TOPLEFT" relativeTo="FIZ_UpdateListScrollFrame" relativePoint="TOPLEFT"><Offset x="0" y="0"/></Anchor></Anchors>
			</Button>
			<Button name="FIZ_UpdateEntry2" inherits="FIZ_UpdateEntryTemplate">
				<Anchors><Anchor point="TOPLEFT" relativeTo="FIZ_UpdateEntry1" relativePoint="BOTTOMLEFT"/></Anchors>
			</Button>
			<Button name="FIZ_UpdateEntry3" inherits="FIZ_UpdateEntryTemplate">
				<Anchors><Anchor point="TOPLEFT" relativeTo="FIZ_UpdateEntry2" relativePoint="BOTTOMLEFT"/></Anchors>
			</Button>
			<Button name="FIZ_UpdateEntry4" inherits="FIZ_UpdateEntryTemplate">
				<Anchors><Anchor point="TOPLEFT" relativeTo="FIZ_UpdateEntry3" relativePoint="BOTTOMLEFT"/></Anchors>
			</Button>
			<Button name="FIZ_UpdateEntry5" inherits="FIZ_UpdateEntryTemplate">
				<Anchors><Anchor point="TOPLEFT" relativeTo="FIZ_UpdateEntry4" relativePoint="BOTTOMLEFT"/></Anchors>
			</Button>
			<Button name="FIZ_UpdateEntry6" inherits="FIZ_UpdateEntryTemplate">
				<Anchors><Anchor point="TOPLEFT" relativeTo="FIZ_UpdateEntry5" relativePoint="BOTTOMLEFT"/></Anchors>
			</Button>
			<Button name="FIZ_UpdateEntry7" inherits="FIZ_UpdateEntryTemplate">
				<Anchors>
				<Anchor point="TOPLEFT" relativeTo="FIZ_UpdateEntry6" relativePoint="BOTTOMLEFT"/>
				</Anchors>
			</Button>
			<Button name="FIZ_UpdateEntry8" inherits="FIZ_UpdateEntryTemplate">
				<Anchors>
				<Anchor point="TOPLEFT" relativeTo="FIZ_UpdateEntry7" relativePoint="BOTTOMLEFT"/>
				</Anchors>
			</Button>
			<Button name="FIZ_UpdateEntry9" inherits="FIZ_UpdateEntryTemplate">
				<Anchors>
				<Anchor point="TOPLEFT" relativeTo="FIZ_UpdateEntry8" relativePoint="BOTTOMLEFT"/>
				</Anchors>
			</Button>
			<Button name="FIZ_UpdateEntry10" inherits="FIZ_UpdateEntryTemplate">
				<Anchors>
				<Anchor point="TOPLEFT" relativeTo="FIZ_UpdateEntry9" relativePoint="BOTTOMLEFT"/>
				</Anchors>
			</Button>
			<Button name="FIZ_UpdateEntry11" inherits="FIZ_UpdateEntryTemplate">
				<Anchors>
				<Anchor point="TOPLEFT" relativeTo="FIZ_UpdateEntry10" relativePoint="BOTTOMLEFT"/>
				</Anchors>
			</Button>
			<Button name="FIZ_UpdateEntry12" inherits="FIZ_UpdateEntryTemplate">
				<Anchors>
				<Anchor point="TOPLEFT" relativeTo="FIZ_UpdateEntry11" relativePoint="BOTTOMLEFT"/>
				</Anchors>
			</Button>
			<Button name="FIZ_UpdateEntry13" inherits="FIZ_UpdateEntryTemplate">
				<Anchors>
				<Anchor point="TOPLEFT" relativeTo="FIZ_UpdateEntry12" relativePoint="BOTTOMLEFT"/>
				</Anchors>
			</Button>

			<CheckButton name="FIZ_ShowQuestButton" inherits="OptionsCheckButtonTemplate">
				<Size x="20" y="20"/><Anchors>
					<Anchor point="TOPLEFT" relativeTo="FIZ_ReputationDetailDivider3" relativePoint="BOTTOMLEFT">
					<Offset x="10" y="20"/></Anchor></Anchors>
				<HitRectInsets>
					<AbsInset left="0" right="-80" top="0" bottom="0"/>
				</HitRectInsets>
				<Layers>
					<Layer level="ARTWORK">
						<FontString name="$parentText" inherits="GameFontNormalSmall">
							<Anchors><Anchor point="LEFT" relativePoint="RIGHT"><Offset x="-2" y="0"/></Anchor></Anchors>
						</FontString>
					</Layer>
				</Layers>
				<Scripts>
					<OnClick>
						FIZ_Data.ShowQuests = self:GetChecked()
						if ( FIZ_Data.ShowQuests ) then
							PlaySound("igMainMenuOptionCheckBoxOn");
						else
							PlaySound("igMainMenuOptionCheckBoxOff");
						end
						FIZ_BuildUpdateList()
						FIZ_UpdateList_Update()
					</OnClick>
					<OnEnter>
						FIZ_ShowHelpToolTip(self, self:GetName())
					</OnEnter>
					<OnLeave>
						GameTooltip:Hide();
					</OnLeave>
				</Scripts>
			</CheckButton>
			<CheckButton name="FIZ_ShowInstancesButton" inherits="OptionsCheckButtonTemplate">
				<Size x="20" y="20"/>
						<Anchors>
					<Anchor point="TOPLEFT" relativeTo="FIZ_ReputationDetailDivider3" relativePoint="BOTTOMLEFT">
						<Offset x="110" y="20"/>
								</Anchor>
				</Anchors>
				<HitRectInsets>
					<AbsInset left="0" right="-80" top="0" bottom="0"/>
				</HitRectInsets>
				<Layers>
					<Layer level="ARTWORK">
						<FontString name="$parentText" inherits="GameFontNormalSmall">
							<Anchors><Anchor point="LEFT" relativePoint="RIGHT"><Offset x="-2" y="0"/></Anchor></Anchors>
						</FontString>
					</Layer>
				</Layers>
				<Scripts>
					<OnClick>
						FIZ_Data.ShowInstances = self:GetChecked()
						if ( FIZ_Data.ShowInstances ) then
							PlaySound("igMainMenuOptionCheckBoxOn");
						else
							PlaySound("igMainMenuOptionCheckBoxOff");
						end
						FIZ_BuildUpdateList()
						FIZ_UpdateList_Update()
					</OnClick>
					<OnEnter>
						FIZ_ShowHelpToolTip(self, self:GetName())
					</OnEnter>
					<OnLeave>
						GameTooltip:Hide();
					</OnLeave>
				</Scripts>
			</CheckButton>
			<CheckButton name="FIZ_ShowMobsButton" inherits="OptionsCheckButtonTemplate">
				<Size x="20" y="20"/>
						<Anchors>
					<Anchor point="TOPLEFT" relativeTo="FIZ_ReputationDetailDivider3" relativePoint="BOTTOMLEFT">
						<Offset x="10" y="0"/>
								</Anchor>
				</Anchors>
				<HitRectInsets>
					<AbsInset left="0" right="-80" top="0" bottom="0"/>
				</HitRectInsets>
				<Layers>
					<Layer level="ARTWORK">
						<FontString name="$parentText" inherits="GameFontNormalSmall">
							<Anchors><Anchor point="LEFT" relativePoint="RIGHT"><Offset x="-2" y="0"/></Anchor></Anchors>
						</FontString>
					</Layer>
				</Layers>
				<Scripts>
					<OnClick>
						FIZ_Data.ShowMobs = self:GetChecked()
						if ( FIZ_Data.ShowMobs ) then
							PlaySound("igMainMenuOptionCheckBoxOn");
						else
							PlaySound("igMainMenuOptionCheckBoxOff");
						end
						FIZ_BuildUpdateList()
						FIZ_UpdateList_Update()
					</OnClick>
					<OnEnter>
						FIZ_ShowHelpToolTip(self, self:GetName())
					</OnEnter>
					<OnLeave>
						GameTooltip:Hide();
					</OnLeave>
				</Scripts>
			</CheckButton>
			<CheckButton name="FIZ_ShowItemsButton" inherits="OptionsCheckButtonTemplate">
				<Size x="20" y="20"/>
						<Anchors>
					<Anchor point="TOPLEFT" relativeTo="FIZ_ReputationDetailDivider3" relativePoint="BOTTOMLEFT">
						<Offset x="110" y="0"/>
								</Anchor>
				</Anchors>
				<HitRectInsets>
					<AbsInset left="0" right="-80" top="0" bottom="0"/>
				</HitRectInsets>
				<Layers>
					<Layer level="ARTWORK">
						<FontString name="$parentText" inherits="GameFontNormalSmall">
							<Anchors><Anchor point="LEFT" relativePoint="RIGHT"><Offset x="-2" y="0"/></Anchor></Anchors>
						</FontString>
					</Layer>
				</Layers>
				<Scripts>
					<OnClick>
						FIZ_Data.ShowItems = self:GetChecked()
						if ( FIZ_Data.ShowItems ) then
							PlaySound("igMainMenuOptionCheckBoxOn");
						else
							PlaySound("igMainMenuOptionCheckBoxOff");
						end
						FIZ_BuildUpdateList()
						FIZ_UpdateList_Update()
					</OnClick>
					<OnEnter>
						FIZ_ShowHelpToolTip(self, self:GetName())
					</OnEnter>
					<OnLeave>
						GameTooltip:Hide();
					</OnLeave>
				</Scripts>
			</CheckButton>
			<CheckButton name="FIZ_ShowGeneralButton" inherits="OptionsCheckButtonTemplate">
				<Size x="20" y="20"/>
						<Anchors>
					<Anchor point="TOPLEFT" relativeTo="FIZ_ReputationDetailDivider3" relativePoint="BOTTOMLEFT">
						<Offset x="10" y="-20"/>
								</Anchor>
				</Anchors>
				<HitRectInsets>
					<AbsInset left="0" right="-80" top="0" bottom="0"/>
				</HitRectInsets>
				<Layers>
					<Layer level="ARTWORK">
						<FontString name="$parentText" inherits="GameFontNormalSmall">
							<Anchors><Anchor point="LEFT" relativePoint="RIGHT"><Offset x="-2" y="0"/></Anchor></Anchors>
						</FontString>
					</Layer>
				</Layers>
				<Scripts>
					<OnClick>
						FIZ_Data.ShowGeneral = self:GetChecked()
						if ( FIZ_Data.ShowGeneral ) then
							PlaySound("igMainMenuOptionCheckBoxOn");
						else
							PlaySound("igMainMenuOptionCheckBoxOff");
						end
						FIZ_BuildUpdateList()
						FIZ_UpdateList_Update()
					</OnClick>
					<OnEnter>
						FIZ_ShowHelpToolTip(self, self:GetName())
					</OnEnter>
					<OnLeave>
						GameTooltip:Hide();
					</OnLeave>
				</Scripts>
			</CheckButton>

			<Button name="FIZ_ShowAllButton" inherits="SmallFontButton">
				<Size x="80" y="20" />
				<Anchors>
					<Anchor point="TOPLEFT" relativeTo="FIZ_ReputationDetailDivider3" relativePoint="BOTTOMLEFT">
						<Offset x="230" y="20"/>
								</Anchor>
				</Anchors>
				<Scripts>
					<OnClick>
						FIZ_Data.ShowQuests = true
						FIZ_Data.ShowMobs = true
						FIZ_Data.ShowInstances = true
						FIZ_Data.ShowItems = true
						PlaySound("igMainMenuOptionCheckBoxOn");
						FIZ_BuildUpdateList()
						FIZ_UpdateList_Update()
					</OnClick>
					<OnEnter>
						FIZ_ShowHelpToolTip(self, self:GetName())
					</OnEnter>
					<OnLeave>
						GameTooltip:Hide();
					</OnLeave>
				</Scripts>
			</Button>
			<Button name="FIZ_ShowNoneButton" inherits="SmallFontButton">
				<Size x="80" y="20" />
				<Anchors>
					<Anchor point="TOPLEFT" relativeTo="FIZ_ReputationDetailDivider3" relativePoint="BOTTOMLEFT">
						<Offset x="230" y="0"/>
								</Anchor>
				</Anchors>
				<Scripts>
					<OnClick>
						FIZ_Data.ShowQuests = nil
						FIZ_Data.ShowMobs = nil
						FIZ_Data.ShowInstances = nil
						FIZ_Data.ShowItems = nil
						PlaySound("igMainMenuOptionCheckBoxOff");
						FIZ_BuildUpdateList()
						FIZ_UpdateList_Update()
					</OnClick>
					<OnEnter>
						FIZ_ShowHelpToolTip(self, self:GetName())
					</OnEnter>
					<OnLeave>
						GameTooltip:Hide();
					</OnLeave>
				</Scripts>
			</Button>
			<Button name="FIZ_ExpandButton" inherits="SmallFontButton">
				<Size x="80" y="20" />
				<Anchors>
					<Anchor point="TOPLEFT" relativeTo="FIZ_ShowAllButton" relativePoint="TOPRIGHT">
						<Offset x="5" y="0"/>
								</Anchor>
				</Anchors>
				<Scripts>
					<OnClick>
						PlaySound("igMainMenuOptionCheckBoxOn");
						FIZ_ShowUpdateEntries(true)
					</OnClick>
					<OnEnter>
						FIZ_ShowHelpToolTip(self, self:GetName())
					</OnEnter>
					<OnLeave>
						GameTooltip:Hide();
					</OnLeave>
				</Scripts>
			</Button>
			<Button name="FIZ_CollapseButton" inherits="SmallFontButton">
				<Size x="80" y="20" />
				<Anchors>
					<Anchor point="TOPLEFT" relativeTo="FIZ_ShowNoneButton" relativePoint="TOPRIGHT">
						<Offset x="5" y="0"/>
								</Anchor>
				</Anchors>
				<Scripts>
					<OnClick>
						PlaySound("igMainMenuOptionCheckBoxOff");
						FIZ_ShowUpdateEntries(false)
					</OnClick>
					<OnEnter>
						FIZ_ShowHelpToolTip(self, self:GetName())
					</OnEnter>
					<OnLeave>
						GameTooltip:Hide();
					</OnLeave>
				</Scripts>
			</Button>

			<Button name="FIZ_SupressNoneFactionButton" inherits="SmallFontButton">
				<Size x="165" y="20" />
				<Anchors>
					<Anchor point="TOPLEFT" relativeTo="FIZ_ShowNoneButton" relativePoint="BOTTOMLEFT">
						<Offset x="0" y="-5"/>
								</Anchor>
				</Anchors>
				<Scripts>
					<OnClick>
						PlaySound("igMainMenuOptionCheckBoxOff");
						FIZ_SupressNone(false)
					</OnClick>
					<OnEnter>
						FIZ_ShowHelpToolTip(self, self:GetName())
					</OnEnter>
					<OnLeave>
						GameTooltip:Hide();
					</OnLeave>
				</Scripts>
			</Button>
			<Button name="FIZ_SupressNoneGlobalButton" inherits="SmallFontButton">
				<Size x="165" y="20" />
				<Anchors>
					<Anchor point="TOPLEFT" relativeTo="FIZ_SupressNoneFactionButton" relativePoint="BOTTOMLEFT">
						<Offset x="0" y="0"/>
								</Anchor>
				</Anchors>
				<Scripts>
					<OnClick>
						PlaySound("igMainMenuOptionCheckBoxOff");
						FIZ_SupressNone(true)
					</OnClick>
					<OnEnter>
						FIZ_ShowHelpToolTip(self, self:GetName())
					</OnEnter>
					<OnLeave>
						GameTooltip:Hide();
					</OnLeave>
				</Scripts>
			</Button>

			<Button name="FIZ_ClearSessionGainButton" inherits="SmallFontButton">
				<Size x="220" y="20" />
				<Anchors>
					<Anchor point="TOPRIGHT" relativeTo="FIZ_SupressNoneGlobalButton" relativePoint="BOTTOMLEFT">
						<Offset x="-5" y="0"/>
								</Anchor>
				</Anchors>
				<Scripts>
					<OnClick>
						PlaySound("igMainMenuOptionCheckBoxOff");
						FIZ_ClearSessionGain()
					</OnClick>
					<OnEnter>
						FIZ_ShowHelpToolTip(self, self:GetName())
					</OnEnter>
					<OnLeave>
						GameTooltip:Hide();
					</OnLeave>
				</Scripts>
			</Button>

		</Frames>
	</Frame>


<!--> ============================================================================================================== <-->
	<Button name="FIZ_OptionsButton" parent="ReputationFrame" inherits="UIPanelButtonTemplate">
		<Size x="80" y="20" />
		<Anchors>
			<Anchor point="TOPRIGHT" relativePoint="TOPRIGHT" >
				<Offset x="-20" y="-20" />
			</Anchor>
		</Anchors>
		<Layers>
			<Layer level="BORDER">
				<FontString name="$parentText" inherits="GameFontNormal" justifyH="CENTER"/>
			</Layer>
		</Layers>
		<Scripts>
			<OnClick>
				if(FIZ_OptionsFrame:IsVisible()) then
					PlaySound("igMainMenuOptionCheckBoxOff");
					FIZ_OptionsFrame:Hide();
				else
					PlaySound("igMainMenuOptionCheckBoxOn");
					ReputationDetailFrame:Hide();
					FIZ_ReputationDetailFrame:Hide();
					FIZ_OptionsFrame:Show();
				end
			</OnClick>
			<OnEnter>
				FIZ_ShowHelpToolTip(self, self:GetName())
			</OnEnter>
			<OnLeave>
				GameTooltip:Hide();
			</OnLeave>
		</Scripts>
	</Button>

<!--> ============================================================================================================== <-->
	<CheckButton name="FIZ_OrderByStandingCheckBox" parent="ReputationFrame" inherits="OptionsCheckButtonTemplate">
		<Size x="26" y="26"/>
		<Anchors>
			<Anchor point="TOPLEFT" relativePoint="TOPLEFT">
				<Offset x="55" y="-20"/>
			</Anchor>
		</Anchors>
		<HitRectInsets>
			<AbsInset left="0" right="-240" top="0" bottom="0"/>
		</HitRectInsets>
		<Scripts>
			<OnClick>
				FIZ_Data.SortByStanding = self:GetChecked()
				if ( FIZ_Data.SortByStanding ) then
					PlaySound("igMainMenuOptionCheckBoxOn");
				else
					PlaySound("igMainMenuOptionCheckBoxOff");
				end
				ReputationFrame_Update()
			</OnClick>
			<OnEnter>
				FIZ_ShowHelpToolTip(self, self:GetName())
			</OnEnter>
			<OnLeave>
				GameTooltip:Hide();
			</OnLeave>
		</Scripts>
	</CheckButton>

<!--> ============================================================================================================== <-->
	<FontString name="FIZ_OptionText" inherits="GameFontNormal" justifyH="RIGHT" virtual="true">
		<Color r="0.68" g="0.80" b="1"/>
		<Size x="250" y="25"/>
		<Scripts>
			<OnEnter>FIZ_ShowHelpToolTip(self, self:GetName())</OnEnter>
			<OnLeave>GameTooltip:Hide()</OnLeave>
		</Scripts>
	</FontString>

	<Frame name="FIZ_OptionsFrame" hidden="true" parent="ReputationFrame">
		<Size x="450" y="350" />
		<Anchors>
			<Anchor point="TOPLEFT" relativePoint="TOPRIGHT">
				<Offset x="0" y="0" />
			</Anchor>
		</Anchors>
		<Backdrop bgFile="Interface\DialogFrame\UI-DialogBox-Background" edgeFile="Interface\DialogFrame\UI-DialogBox-Border" tile="true">
			<BackgroundInsets>
				<AbsInset left="11" right="12" top="12" bottom="11" />
			</BackgroundInsets>
			<TileSize>
				<AbsValue val="32" />
			</TileSize>
			<EdgeSize>
				<AbsValue val="32" />
			</EdgeSize>
		</Backdrop>
		<Layers>
			<Layer level="ARTWORK">
				<!-->Title box<-->
				<Texture file="Interface\DialogFrame\UI-DialogBox-Header">
					<Size x="300" y="64"/>
					<Anchors>
						<Anchor point="TOP">
							<Offset x="0" y="12"/>
						</Anchor>
					</Anchors>
				</Texture>
				<!-->Close box<-->
				<Texture file="Interface\DialogFrame\UI-DialogBox-Corner">
					<Anchors>
						<Anchor point="TOPRIGHT">
							<Offset x="-5" y="-5"/>
						</Anchor>
					</Anchors>
				</Texture>
			</Layer>
			<Layer level="OVERLAY">
				<!-->Title text<-->
				<FontString name="$parentTitle" inherits="GameFontNormal">
					<Anchors>
						<Anchor point="TOP">
							<Offset x="0" y="-2"/>
						</Anchor>
					</Anchors>
				</FontString>
			</Layer>
		</Layers>
		<Frames>
			<!-->Close button<-->
			<Button name="$parentClose" inherits="UIPanelCloseButton">
				<Anchors>
					<Anchor point="CENTER" relativePoint="TOPRIGHT">
						<Offset x="-17" y="-17"/>
					</Anchor>
				</Anchors>
			</Button>


			<CheckButton name="FIZ_EnableMissingBox" inherits="OptionsCheckButtonTemplate">
				<Size x="20" y="20"/>
						<Anchors>
					<Anchor point="TOPLEFT" relativeTo="$parent" relativePoint="TOPLEFT">
						<Offset x="20" y="-30"/>
								</Anchor>
				</Anchors>
				<HitRectInsets>
					<AbsInset left="0" right="-240" top="0" bottom="0"/>
				</HitRectInsets>
				<Layers>
					<Layer level="ARTWORK">
						<FontString name="$parentText" inherits="GameFontNormalSmall">
							<Anchors><Anchor point="LEFT" relativePoint="RIGHT"><Offset x="-2" y="0"/></Anchor></Anchors>
						</FontString>
					</Layer>
				</Layers>
				<Scripts>
					<OnClick>
						FIZ_Data.ShowMissing = self:GetChecked()
						if ( FIZ_Data.ShowMissing ) then
							PlaySound("igMainMenuOptionCheckBoxOn");
						else
							PlaySound("igMainMenuOptionCheckBoxOff");
						end
						ReputationFrame_Update()
					</OnClick>
					<OnEnter>
						FIZ_ShowHelpToolTip(self, self:GetName())
					</OnEnter>
					<OnLeave>
						GameTooltip:Hide();
					</OnLeave>
				</Scripts>
			</CheckButton>

			<CheckButton name="FIZ_ExtendDetailsBox" inherits="OptionsCheckButtonTemplate">
				<Size x="20" y="20"/>
						<Anchors>
					<Anchor point="TOPLEFT" relativeTo="FIZ_EnableMissingBox" relativePoint="BOTTOMLEFT">
						<Offset x="0" y="-5"/>
								</Anchor>
				</Anchors>
				<HitRectInsets>
					<AbsInset left="0" right="-240" top="0" bottom="0"/>
				</HitRectInsets>
				<Layers>
					<Layer level="ARTWORK">
						<FontString name="$parentText" inherits="GameFontNormalSmall">
							<Anchors><Anchor point="LEFT" relativePoint="RIGHT"><Offset x="-2" y="0"/></Anchor></Anchors>
						</FontString>
					</Layer>
				</Layers>
				<Scripts>
					<OnClick>
						FIZ_Data.ExtendDetails = self:GetChecked()
						if ( FIZ_Data.ExtendDetails ) then
							PlaySound("igMainMenuOptionCheckBoxOn");
						else
							PlaySound("igMainMenuOptionCheckBoxOff");
						end
					</OnClick>
					<OnEnter>
						FIZ_ShowHelpToolTip(self, self:GetName())
					</OnEnter>
					<OnLeave>
						GameTooltip:Hide();
					</OnLeave>
				</Scripts>
			</CheckButton>

			<CheckButton name="FIZ_GainToChatBox" inherits="OptionsCheckButtonTemplate">
				<Size x="20" y="20"/>
						<Anchors>
					<Anchor point="TOPLEFT" relativeTo="FIZ_ExtendDetailsBox" relativePoint="BOTTOMLEFT">
						<Offset x="0" y="-5"/>
								</Anchor>
				</Anchors>
				<HitRectInsets>
					<AbsInset left="0" right="-240" top="0" bottom="0"/>
				</HitRectInsets>
				<Layers>
					<Layer level="ARTWORK">
						<FontString name="$parentText" inherits="GameFontNormalSmall">
							<Anchors><Anchor point="LEFT" relativePoint="RIGHT"><Offset x="-2" y="0"/></Anchor></Anchors>
						</FontString>
					</Layer>
				</Layers>
				<Scripts>
					<OnClick>
						FIZ_Data.WriteChatMessage = self:GetChecked()
						if ( FIZ_Data.WriteChatMessage ) then
							PlaySound("igMainMenuOptionCheckBoxOn");
						else
							PlaySound("igMainMenuOptionCheckBoxOff");
						end
					</OnClick>
					<OnEnter>
						FIZ_ShowHelpToolTip(self, self:GetName())
					</OnEnter>
					<OnLeave>
						GameTooltip:Hide();
					</OnLeave>
				</Scripts>
			</CheckButton>

			<CheckButton name="FIZ_NoGuildGainBox" inherits="OptionsCheckButtonTemplate">
				<Size x="20" y="20"/>
						<Anchors>
					<Anchor point="TOPLEFT" relativeTo="FIZ_GainToChatBox" relativePoint="BOTTOMLEFT">
						<Offset x="20" y="0"/>
								</Anchor>
				</Anchors>
				<HitRectInsets>
					<AbsInset left="0" right="-240" top="0" bottom="0"/>
				</HitRectInsets>
				<Layers>
					<Layer level="ARTWORK">
						<FontString name="$parentText" inherits="GameFontNormalSmall">
							<Anchors><Anchor point="LEFT" relativePoint="RIGHT"><Offset x="-2" y="0"/></Anchor></Anchors>
						</FontString>
					</Layer>
				</Layers>
				<Scripts>
					<OnClick>
						FIZ_Data.NoGuildGain = self:GetChecked()
						if ( FIZ_Data.NoGuildGain ) then
							PlaySound("igMainMenuOptionCheckBoxOn");
						else
							PlaySound("igMainMenuOptionCheckBoxOff");
						end
					</OnClick>
					<OnEnter>
						FIZ_ShowHelpToolTip(self, self:GetName())
					</OnEnter>
					<OnLeave>
						GameTooltip:Hide();
					</OnLeave>
				</Scripts>
			</CheckButton>

			<CheckButton name="FIZ_SupressOriginalGainBox" inherits="OptionsCheckButtonTemplate">
				<Size x="20" y="20"/>
						<Anchors>
					<Anchor point="TOPLEFT" relativeTo="FIZ_NoGuildGainBox" relativePoint="BOTTOMLEFT">
						<Offset x="-20" y="-5"/>
								</Anchor>
				</Anchors>
				<HitRectInsets>
					<AbsInset left="0" right="-240" top="0" bottom="0"/>
				</HitRectInsets>
				<Layers>
					<Layer level="ARTWORK">
						<FontString name="$parentText" inherits="GameFontNormalSmall">
							<Anchors><Anchor point="LEFT" relativePoint="RIGHT"><Offset x="-2" y="0"/></Anchor></Anchors>
						</FontString>
					</Layer>
				</Layers>
				<Scripts>
					<OnClick>
						FIZ_Data.SuppressOriginalChat = self:GetChecked()
						if ( FIZ_Data.SuppressOriginalChat ) then
							PlaySound("igMainMenuOptionCheckBoxOn");
						else
							PlaySound("igMainMenuOptionCheckBoxOff");
						end
					</OnClick>
					<OnEnter>
						FIZ_ShowHelpToolTip(self, self:GetName())
					</OnEnter>
					<OnLeave>
						GameTooltip:Hide();
					</OnLeave>
				</Scripts>
			</CheckButton>

			<CheckButton name="FIZ_ShowPreviewRepBox" inherits="OptionsCheckButtonTemplate">
				<Size x="20" y="20"/>
						<Anchors>
					<Anchor point="TOPLEFT" relativeTo="FIZ_SupressOriginalGainBox" relativePoint="BOTTOMLEFT">
						<Offset x="0" y="-5"/>
								</Anchor>
				</Anchors>
				<HitRectInsets>
					<AbsInset left="0" right="-240" top="0" bottom="0"/>
				</HitRectInsets>
				<Layers>
					<Layer level="ARTWORK">
						<FontString name="$parentText" inherits="GameFontNormalSmall">
							<Anchors><Anchor point="LEFT" relativePoint="RIGHT"><Offset x="-2" y="0"/></Anchor></Anchors>
						</FontString>
					</Layer>
				</Layers>
				<Scripts>
					<OnClick>
						FIZ_Data.ShowPreviewRep = self:GetChecked()
						if ( FIZ_Data.ShowPreviewRep ) then
							PlaySound("igMainMenuOptionCheckBoxOn");
						else
							PlaySound("igMainMenuOptionCheckBoxOff");
						end
						ReputationFrame_Update()
					</OnClick>
					<OnEnter>
						FIZ_ShowHelpToolTip(self, self:GetName())
					</OnEnter>
					<OnLeave>
						GameTooltip:Hide();
					</OnLeave>
				</Scripts>
			</CheckButton>

			<CheckButton name="FIZ_SwitchFactionBarBox" inherits="OptionsCheckButtonTemplate">
				<Size x="20" y="20"/>
						<Anchors>
					<Anchor point="TOPLEFT" relativeTo="FIZ_ShowPreviewRepBox" relativePoint="BOTTOMLEFT">
						<Offset x="0" y="-5"/>
								</Anchor>
				</Anchors>
				<HitRectInsets>
					<AbsInset left="0" right="-240" top="0" bottom="0"/>
				</HitRectInsets>
				<Layers>
					<Layer level="ARTWORK">
						<FontString name="$parentText" inherits="GameFontNormalSmall">
							<Anchors><Anchor point="LEFT" relativePoint="RIGHT"><Offset x="-2" y="0"/></Anchor></Anchors>
						</FontString>
					</Layer>
				</Layers>
				<Scripts>
					<OnClick>
						FIZ_Data.SwitchFactionBar = self:GetChecked()
						if ( FIZ_Data.SwitchFactionBar ) then
							PlaySound("igMainMenuOptionCheckBoxOn");
						else
							PlaySound("igMainMenuOptionCheckBoxOff");
						end
						ReputationFrame_Update()
					</OnClick>
					<OnEnter>
						FIZ_ShowHelpToolTip(self, self:GetName())
					</OnEnter>
					<OnLeave>
						GameTooltip:Hide();
					</OnLeave>
				</Scripts>
			</CheckButton>

			<CheckButton name="FIZ_SilentSwitchBox" inherits="OptionsCheckButtonTemplate">
				<Size x="20" y="20"/>
						<Anchors>
					<Anchor point="TOPLEFT" relativeTo="FIZ_SwitchFactionBarBox" relativePoint="BOTTOMLEFT">
						<Offset x="20" y="0"/>
								</Anchor>
				</Anchors>
				<HitRectInsets>
					<AbsInset left="0" right="-240" top="0" bottom="0"/>
				</HitRectInsets>
				<Layers>
					<Layer level="ARTWORK">
						<FontString name="$parentText" inherits="GameFontNormalSmall">
							<Anchors><Anchor point="LEFT" relativePoint="RIGHT"><Offset x="-2" y="0"/></Anchor></Anchors>
						</FontString>
					</Layer>
				</Layers>
				<Scripts>
					<OnClick>
						FIZ_Data.SilentSwitch = self:GetChecked()
						if ( FIZ_Data.SilentSwitch ) then
							PlaySound("igMainMenuOptionCheckBoxOn");
						else
							PlaySound("igMainMenuOptionCheckBoxOff");
						end
						ReputationFrame_Update()
					</OnClick>
					<OnEnter>
						FIZ_ShowHelpToolTip(self, self:GetName())
					</OnEnter>
					<OnLeave>
						GameTooltip:Hide();
					</OnLeave>
				</Scripts>
			</CheckButton>

			<CheckButton name="FIZ_NoGuildSwitchBox" inherits="OptionsCheckButtonTemplate">
				<Size x="20" y="20"/>
						<Anchors>
					<Anchor point="TOPLEFT" relativeTo="FIZ_SilentSwitchBox" relativePoint="BOTTOMLEFT">
						<Offset x="0" y="0"/>
								</Anchor>
				</Anchors>
				<HitRectInsets>
					<AbsInset left="0" right="-240" top="0" bottom="0"/>
				</HitRectInsets>
				<Layers>
					<Layer level="ARTWORK">
						<FontString name="$parentText" inherits="GameFontNormalSmall">
							<Anchors><Anchor point="LEFT" relativePoint="RIGHT"><Offset x="-2" y="0"/></Anchor></Anchors>
						</FontString>
					</Layer>
				</Layers>
				<Scripts>
					<OnClick>
						FIZ_Data.NoGuildSwitch = self:GetChecked()
						if ( FIZ_Data.NoGuildSwitch ) then
							PlaySound("igMainMenuOptionCheckBoxOn");
						else
							PlaySound("igMainMenuOptionCheckBoxOff");
						end
						ReputationFrame_Update()
					</OnClick>
					<OnEnter>
						FIZ_ShowHelpToolTip(self, self:GetName())
					</OnEnter>
					<OnLeave>
						GameTooltip:Hide();
					</OnLeave>
				</Scripts>
			</CheckButton>
		</Frames>
	</Frame>

<!--> ============================================================================================================== <-->
	<StatusBar name="FIZ_PreviewBarTemplate" virtual="true" drawLayer="BACKGROUND" minValue="0" maxValue="1" defaultValue="0">
		<Size x="101" y="5"/>
		<HitRectInsets>
			<AbsInset left="-2" right="-2" top="-2" bottom="-2"/>
		</HitRectInsets>
		<BarTexture file="Interface\PaperDollInfoFrame\UI-Character-Skills-Bar"/>
	</StatusBar>

	<StatusBar name="FIZ_StatusBar1" parent="ReputationBar1" inherits="FIZ_PreviewBarTemplate">
		<Anchors><Anchor point="TOPLEFT" relativeTo="ReputationBar1ReputationBar" relativePoint="TOPLEFT"><Offset x="0" y="0"/></Anchor></Anchors>
	</StatusBar>
	<StatusBar name="FIZ_StatusBar2" parent="ReputationBar2" inherits="FIZ_PreviewBarTemplate">
		<Anchors><Anchor point="TOPLEFT" relativeTo="ReputationBar2ReputationBar" relativePoint="TOPLEFT"><Offset x="0" y="0"/></Anchor></Anchors>
	</StatusBar>
	<StatusBar name="FIZ_StatusBar3" parent="ReputationBar3" inherits="FIZ_PreviewBarTemplate">
		<Anchors><Anchor point="TOPLEFT" relativeTo="ReputationBar3ReputationBar" relativePoint="TOPLEFT"><Offset x="0" y="0"/></Anchor></Anchors>
	</StatusBar>
	<StatusBar name="FIZ_StatusBar4" parent="ReputationBar4" inherits="FIZ_PreviewBarTemplate">
		<Anchors><Anchor point="TOPLEFT" relativeTo="ReputationBar4ReputationBar" relativePoint="TOPLEFT"><Offset x="0" y="0"/></Anchor></Anchors>
	</StatusBar>
	<StatusBar name="FIZ_StatusBar5" parent="ReputationBar5" inherits="FIZ_PreviewBarTemplate">
		<Anchors><Anchor point="TOPLEFT" relativeTo="ReputationBar5ReputationBar" relativePoint="TOPLEFT"><Offset x="0" y="0"/></Anchor></Anchors>
	</StatusBar>

	<StatusBar name="FIZ_StatusBar6" parent="ReputationBar6" inherits="FIZ_PreviewBarTemplate">
		<Anchors><Anchor point="TOPLEFT" relativeTo="ReputationBar6ReputationBar" relativePoint="TOPLEFT"><Offset x="0" y="0"/></Anchor></Anchors>
	</StatusBar>
	<StatusBar name="FIZ_StatusBar7" parent="ReputationBar7" inherits="FIZ_PreviewBarTemplate">
		<Anchors><Anchor point="TOPLEFT" relativeTo="ReputationBar7ReputationBar" relativePoint="TOPLEFT"><Offset x="0" y="0"/></Anchor></Anchors>
	</StatusBar>
	<StatusBar name="FIZ_StatusBar8" parent="ReputationBar8" inherits="FIZ_PreviewBarTemplate">
		<Anchors><Anchor point="TOPLEFT" relativeTo="ReputationBar8ReputationBar" relativePoint="TOPLEFT"><Offset x="0" y="0"/></Anchor></Anchors>
	</StatusBar>
	<StatusBar name="FIZ_StatusBar9" parent="ReputationBar9" inherits="FIZ_PreviewBarTemplate">
		<Anchors><Anchor point="TOPLEFT" relativeTo="ReputationBar9ReputationBar" relativePoint="TOPLEFT"><Offset x="0" y="0"/></Anchor></Anchors>
	</StatusBar>
	<StatusBar name="FIZ_StatusBar10" parent="ReputationBar10" inherits="FIZ_PreviewBarTemplate">
		<Anchors><Anchor point="TOPLEFT" relativeTo="ReputationBar10ReputationBar" relativePoint="TOPLEFT"><Offset x="0" y="0"/></Anchor></Anchors>
	</StatusBar>

	<StatusBar name="FIZ_StatusBar11" parent="ReputationBar11" inherits="FIZ_PreviewBarTemplate">
		<Anchors><Anchor point="TOPLEFT" relativeTo="ReputationBar11ReputationBar" relativePoint="TOPLEFT"><Offset x="0" y="0"/></Anchor></Anchors>
	</StatusBar>
	<StatusBar name="FIZ_StatusBar12" parent="ReputationBar12" inherits="FIZ_PreviewBarTemplate">
		<Anchors><Anchor point="TOPLEFT" relativeTo="ReputationBar12ReputationBar" relativePoint="TOPLEFT"><Offset x="0" y="0"/></Anchor></Anchors>
	</StatusBar>
	<StatusBar name="FIZ_StatusBar13" parent="ReputationBar13" inherits="FIZ_PreviewBarTemplate">
		<Anchors><Anchor point="TOPLEFT" relativeTo="ReputationBar13ReputationBar" relativePoint="TOPLEFT"><Offset x="0" y="0"/></Anchor></Anchors>
	</StatusBar>
	<StatusBar name="FIZ_StatusBar14" parent="ReputationBar14" inherits="FIZ_PreviewBarTemplate">
		<Anchors><Anchor point="TOPLEFT" relativeTo="ReputationBar14ReputationBar" relativePoint="TOPLEFT"><Offset x="0" y="0"/></Anchor></Anchors>
	</StatusBar>
	<StatusBar name="FIZ_StatusBar15" parent="ReputationBar15" inherits="FIZ_PreviewBarTemplate">
		<Anchors><Anchor point="TOPLEFT" relativeTo="ReputationBar15ReputationBar" relativePoint="TOPLEFT"><Offset x="0" y="0"/></Anchor></Anchors>
	</StatusBar>

<!--> ============================================================================================================== <-->

	<!-- Template for a single option "box" containing a checkbox (lifted off Auctionator) -->
	<Frame name="FIZ_SingleOptionTemplate" virtual="true">
		<Size y="40" />
		<Anchors>
			<Anchor point="LEFT" ><Offset x="20"/></Anchor>
			<Anchor point="RIGHT"><Offset x="-20"/></Anchor>
		</Anchors>

		<Scripts>
			<OnEnter>FIZ_ShowHelpToolTip(self, self:GetName())</OnEnter>
			<OnLeave>GameTooltip:Hide()</OnLeave>
		</Scripts>

		<Frames>
			<CheckButton name="$parentCB" inherits="UICheckButtonTemplate">
				<Anchors><Anchor point="TOPLEFT"><Offset x="0" y="0"/></Anchor></Anchors>
				<Layers>
					<Layer level="BACKGROUND">
						<FontString name="$parentText" inherits="GameFontHighlight">
							<Anchors><Anchor point="LEFT" relativePoint="RIGHT" relativeTo="$parent"><Offset x="8" y="1"/></Anchor></Anchors>
						</FontString>
					</Layer>
				</Layers>
				<Scripts>
					<OnEnter>FIZ_ShowHelpToolTip(self, self:GetName())</OnEnter>
					<OnLeave>GameTooltip:Hide()</OnLeave>
				</Scripts>
			</CheckButton>
		</Frames>
	</Frame>

	<!-->Interface options frame<-->
	<Frame name="FactionizerOptions">
		<Layers>
			<Layer level="OVERLAY">
				<FontString name="$parentHeader" inherits="GameFontNormal" justifyH="LEFT">
					<Anchors><Anchor point="TOPLEFT"><Offset x="10" y="-10"/></Anchor></Anchors>
				</FontString>
			</Layer>
		</Layers>
		<Frames>
			<Frame name="FIZ_OptionEnableMissing" inherits="FIZ_SingleOptionTemplate">
				<Anchors><Anchor point="TOP"><Offset y="-10"/></Anchor></Anchors>
			</Frame>


			<Frame name="FIZ_OptionExtendDetails" inherits="FIZ_SingleOptionTemplate">
				<Anchors><Anchor point="TOPLEFT" relativePoint="TOPLEFT" relativeTo="FIZ_OptionEnableMissing"><Offset y="-30"/></Anchor></Anchors>
			</Frame>


			<Frame name="FIZ_OptionGainToChat" inherits="FIZ_SingleOptionTemplate">
				<Anchors><Anchor point="TOPLEFT" relativePoint="TOPLEFT" relativeTo="FIZ_OptionExtendDetails"><Offset y="-30"/></Anchor></Anchors>
			</Frame>

			<Frame name="FIZ_OptionNoGuildGain" inherits="FIZ_SingleOptionTemplate">
				<Anchors><Anchor point="TOPLEFT" relativePoint="TOPLEFT" relativeTo="FIZ_OptionGainToChat"><Offset x="25" y="-20"/></Anchor></Anchors>
			</Frame>

			<Frame name="FIZ_OptionSupressOriginalGain" inherits="FIZ_SingleOptionTemplate">
				<Anchors><Anchor point="TOPLEFT" relativePoint="TOPLEFT" relativeTo="FIZ_OptionNoGuildGain"><Offset x="-25" y="-30"/></Anchor></Anchors>
			</Frame>

			<Frame name="FIZ_OptionShowPreviewRep" inherits="FIZ_SingleOptionTemplate">
				<Anchors><Anchor point="TOPLEFT" relativePoint="TOPLEFT" relativeTo="FIZ_OptionSupressOriginalGain"><Offset y="-30"/></Anchor></Anchors>
			</Frame>

			<Frame name="FIZ_OptionSwitchFactionBar" inherits="FIZ_SingleOptionTemplate">
				<Anchors><Anchor point="TOPLEFT" relativePoint="TOPLEFT" relativeTo="FIZ_OptionShowPreviewRep"><Offset y="-30"/></Anchor></Anchors>
			</Frame>

			<Frame name="FIZ_OptionSilentSwitch" inherits="FIZ_SingleOptionTemplate">
				<Anchors><Anchor point="TOPLEFT" relativePoint="TOPLEFT" relativeTo="FIZ_OptionSwitchFactionBar"><Offset x="25" y="-20"/></Anchor></Anchors>
			</Frame>

			<Frame name="FIZ_OptionNoGuildSwitch" inherits="FIZ_SingleOptionTemplate">
				<Anchors><Anchor point="TOPLEFT" relativePoint="TOPLEFT" relativeTo="FIZ_OptionSilentSwitch"><Offset x="0" y="-20"/></Anchor></Anchors>
			</Frame>
		</Frames>
		<Scripts>
			<OnLoad>FIZ_OnLoadOptions(self)</OnLoad>
			<OnShow>FIZ_OnShowOptions(self)</OnShow>
		</Scripts>
	</Frame>

<!--> ============================================================================================================== <-->
<!--
	<Frame name="FIZ_GuildFactionBar" parent="GuildFactionBar">
		<Layers>
			<Layer level="ARTWORK">
				<Texture name="$parentCapMarker" file="Interface\GuildFrame\GuildFrame" hidden="true">
					<Size x="9" y="16"/>
					<Anchors><Anchor point="LEFT" relativeTo="GuildFactionBarLeft" relativePoint="RIGHT" x="-4" y="0"/></Anchors>
					<TexCoords left="0.38378906" right="0.39257813" top="0.95898438" bottom="0.99804688"/>
				</Texture>
				<Texture name="$parentBaseMarker" file="Interface\GuildFrame\GuildFrame" hidden="true">
					<Size x="9" y="16"/>
					<Anchors><Anchor point="LEFT" relativeTo="GuildFactionBarLeft" relativePoint="RIGHT" x="-4" y="0"/></Anchors>
					<TexCoords left="0.38378906" right="0.39257813" top="0.95898438" bottom="0.99804688"/>
				</Texture>
				<FontString name="$parentCapHeader" inherits="GameFontNormalSmall" justifyH="LEFT">
					<Anchors><Anchor point="BOTTOMLEFT" relativeTo="GuildFactionBarHeader" relativePoint="TOPLEFT" x="0" y="0"/></Anchors>
				</FontString>
				<FontString name="$parentCapText" inherits="GameFontHighlightSmall" justifyH="LEFT">
					<Anchors><Anchor point="LEFT" relativeTo="$parentCapHeader" relativePoint="RIGHT" x="2" y="0"/></Anchors>
				</FontString>
			</Layer>
		</Layers>
		<Scripts>
			<OnLoad>FIZ_OnLoadGuildFactionBar(self)</OnLoad>
			<OnEnter>
				FIZ_ShowHelpToolTip(self, self:GetName())
			</OnEnter>
			<OnLeave>
				GameTooltip:Hide();
			</OnLeave>
		</Scripts>
	</Frame>
-->
<!--> ============================================================================================================== <-->

</Ui>























































