<Ui xmlns="http://www.blizzard.com/wow/ui/" xmlns:xsi="http://www.w3.org/2001/XMLSchema-instance" xsi:schemaLocation="http://www.blizzard.com/wow/ui/..\FrameXML\UI.xsd">
	
	<Include file="Locales\enUS.lua"/>
    <Include file="Locales\deDE.lua"/>
    <Include file="Locales\esES.lua"/>
    <Include file="Locales\esMX.lua"/>
    <Include file="Locales\frFR.lua"/>
    <Include file="Locales\itIT.lua"/>
    <Include file="Locales\koKR.lua"/>
    <Include file="Locales\ptBR.lua"/>
    <Include file="Locales\ruRU.lua"/>
    <Include file="Locales\zhCN.lua"/>
    <Include file="Locales\zhTW.lua"/>

</Ui>
